{"cameraMode":{"drawMode":0,"name":"Shaded","section":"Shading Mode"},"sceneLighting":false,"audioPlay":false,"sceneViewState":{"showFog":true,"showMaterialUpdate":false,"showSkybox":false,"showFlares":true,"showImageEffects":true,"showParticleSystems":true},"in2DMode":false,"pivot":{"x":22.66423797607422,"y":3.017796516418457,"z":11.112218856811524},"rotation":{"x":-0.30921781063079836,"y":-0.04363275691866875,"z":0.014205697923898697,"w":-0.9498932361602783},"size":11.19802474975586,"orthographic":false}