{"cameraMode":{"drawMode":0,"name":"Shaded","section":"Shading Mode"},"sceneLighting":false,"audioPlay":false,"sceneViewState":{"showFog":true,"showMaterialUpdate":false,"showSkybox":false,"showFlares":true,"showImageEffects":true,"showParticleSystems":true},"in2DMode":false,"pivot":{"x":-0.6999683380126953,"y":10.443882942199707,"z":39.33745574951172},"rotation":{"x":0.18924976885318757,"y":0.2572993338108063,"z":-0.05145842954516411,"w":0.9462301731109619},"size":16.09698486328125,"orthographic":false}